"","Site","Transect","TP","Healthy","n","severity","freq","prev","total_corals_surveyed","Timepoint","Acropora","Cyano_mat","Other_hard_coral","Lyngbya","Macroalgae","Montipora","Other_benthic_invert","Other_branching","Other_calcifier","Other_substrate","Sediment","Soft_coral","Turf","Turf_sediment_matrix","Total_hardcoral"
"1","EB","EB01","April","Diseased",11,13.6363636363636,0.578947368421053,57.8947368421053,19,"April",26.75,7.333333333,0.511904762,1,0.138888889,1.5,0,0.916666667,0.166666667,0.555555556,1,0.333333333,1.5,10,65.5
"2","EB","EB02","April","Diseased",6,19,0.375,37.5,16,"Dec",0.05,0.05,1.25,25.4,0.354166667,10.35,0.033333333,0.25,0.275,1.233333333,7.7,0,5.4,9.2,38.8
"3","EB","EB02","April","Diseased",6,19,0.375,37.5,16,"April",0.05,9,0.45,0.9,0.4125,12.65,0.033333333,3.75,0.4,0.5,9.4,0.2,3.6,15.3,39.2
"4","EB","EB02","December","Diseased",14,14.4285714285714,0.777777777777778,77.7777777777778,18,"Dec",0.05,0.05,1.25,25.4,0.354166667,10.35,0.033333333,0.25,0.275,1.233333333,7.7,0,5.4,9.2,38.8
"5","EB","EB02","December","Diseased",14,14.4285714285714,0.777777777777778,77.7777777777778,18,"April",0.05,9,0.45,0.9,0.4125,12.65,0.033333333,3.75,0.4,0.5,9.4,0.2,3.6,15.3,39.2
"6","EB","EB05","April","Diseased",12,13.3333333333333,0.315789473684211,31.5789473684211,38,"Dec",1.9,0.15,0.342857143,12.8,0.958333333,1.4,0.1,0,0.8,0.433333333,14.1,0.05,7.1,26.4,11.4
"7","EB","EB05","April","Diseased",12,13.3333333333333,0.315789473684211,31.5789473684211,38,"April",6.5,8.2,0.292857143,2.1,0.858333333,4.15,0.433333333,1.75,0.275,1.4,7.9,0.2,3,14.1,28.9
"8","EB","EB05","December","Diseased",20,13.1,0.769230769230769,76.9230769230769,26,"Dec",1.9,0.15,0.342857143,12.8,0.958333333,1.4,0.1,0,0.8,0.433333333,14.1,0.05,7.1,26.4,11.4
"9","EB","EB05","December","Diseased",20,13.1,0.769230769230769,76.9230769230769,26,"April",6.5,8.2,0.292857143,2.1,0.858333333,4.15,0.433333333,1.75,0.275,1.4,7.9,0.2,3,14.1,28.9
"10","EB","EB06","April","Diseased",12,8.5,0.857142857142857,85.7142857142857,14,"Dec",1.75,0.05,0.15,16.9,0.516666667,3.1,0.2,0.15,0.15,10.6,6.8,1,4.2,12.5,12.1
"11","EB","EB06","April","Diseased",12,8.5,0.857142857142857,85.7142857142857,14,"April",1.65,5.15,0.2,1.8,0.925,1.95,0.266666667,0,0.75,3.2,11,0.45,2.4,28,10
"12","EB","EB06","December","Diseased",14,11.5714285714286,0.875,87.5,16,"Dec",1.75,0.05,0.15,16.9,0.516666667,3.1,0.2,0.15,0.15,10.6,6.8,1,4.2,12.5,12.1
"13","EB","EB06","December","Diseased",14,11.5714285714286,0.875,87.5,16,"April",1.65,5.15,0.2,1.8,0.925,1.95,0.266666667,0,0.75,3.2,11,0.45,2.4,28,10
"14","EB","EB07","April","Diseased",32,16.75,0.8,80,40,"Dec",0.4375,0.5,0.589285714,9.375,0.541666667,5.9375,0.125,0.25,0.1875,6.291666667,12.625,0.1875,2.75,19.375,21.5
"15","EB","EB07","April","Diseased",32,16.75,0.8,80,40,"April",0,12.9,0.585714286,2.9,0.675,10.35,0.033333333,0.6,0.375,0.233333333,5.1,0.5,0.9,15.7,30.1
"16","EB","EB07","December","Diseased",18,7.11111111111111,0.642857142857143,64.2857142857143,28,"Dec",0.4375,0.5,0.589285714,9.375,0.541666667,5.9375,0.125,0.25,0.1875,6.291666667,12.625,0.1875,2.75,19.375,21.5
"17","EB","EB07","December","Diseased",18,7.11111111111111,0.642857142857143,64.2857142857143,28,"April",0,12.9,0.585714286,2.9,0.675,10.35,0.033333333,0.6,0.375,0.233333333,5.1,0.5,0.9,15.7,30.1
"18","EB","EB11","April","Diseased",14,15.2857142857143,0.538461538461538,53.8461538461538,26,"Dec",0.7,0.5,0.157142857,26.8,0.6125,3.3,0.1,2.85,0.975,0.8,7.8,0,2.5,24.7,15.9
"19","EB","EB11","April","Diseased",14,15.2857142857143,0.538461538461538,53.8461538461538,26,"April",12.65,15.05,0.121428571,1.2,0.2875,3.4,0.033333333,0.15,1,0.5,2.1,0.1,6.1,13.7,34.1
"20","EB","EB11","December","Diseased",12,7.66666666666667,0.75,75,16,"Dec",0.7,0.5,0.157142857,26.8,0.6125,3.3,0.1,2.85,0.975,0.8,7.8,0,2.5,24.7,15.9
"21","EB","EB11","December","Diseased",12,7.66666666666667,0.75,75,16,"April",12.65,15.05,0.121428571,1.2,0.2875,3.4,0.033333333,0.15,1,0.5,2.1,0.1,6.1,13.7,34.1
"22","SB","SB01","April","Diseased",24,12.25,0.8,80,30,"Dec",5,0.15,0.228571429,30.4,0.383333333,6.8,0,0.05,0.45,0.666666667,6.2,0,7.4,15.8,26.9
"23","SB","SB01","April","Diseased",24,12.25,0.8,80,30,"April",10.7,8.4,0.492857143,4,0.975,3.8,0.066666667,0.05,0.675,0.6,2.3,0.2,3.1,9.3,36
"24","SB","SB01","December","Diseased",10,12,0.5,50,20,"Dec",5,0.15,0.228571429,30.4,0.383333333,6.8,0,0.05,0.45,0.666666667,6.2,0,7.4,15.8,26.9
"25","SB","SB01","December","Diseased",10,12,0.5,50,20,"April",10.7,8.4,0.492857143,4,0.975,3.8,0.066666667,0.05,0.675,0.6,2.3,0.2,3.1,9.3,36
"26","SB","SB02","April","Diseased",16,12.25,0.615384615384615,61.5384615384615,26,"Dec",19.90909091,0.090909091,0.090909091,14.72727273,0.382575758,1.681818182,0.03030303,1.363636364,0.181818182,0.818181818,3.909090909,0.045454545,5.454545455,16,47.18181818
"27","SB","SB02","April","Diseased",16,12.25,0.615384615384615,61.5384615384615,26,"April",0.85,15.45,0.164285714,1.9,0.966666667,4.5,0.066666667,1.2,0.725,0.033333333,1.7,0.3,2,21.1,15.4
"28","SB","SB02","December","Diseased",8,7.5,0.5,50,16,"Dec",19.90909091,0.090909091,0.090909091,14.72727273,0.382575758,1.681818182,0.03030303,1.363636364,0.181818182,0.818181818,3.909090909,0.045454545,5.454545455,16,47.18181818
"29","SB","SB02","December","Diseased",8,7.5,0.5,50,16,"April",0.85,15.45,0.164285714,1.9,0.966666667,4.5,0.066666667,1.2,0.725,0.033333333,1.7,0.3,2,21.1,15.4
"30","SB","SB03","April","Diseased",26,21.8461538461538,0.684210526315789,68.4210526315789,38,"Dec",6.166666667,0.166666667,0.46031746,22.44444444,0.583333333,0.111111111,0.740740741,2.777777778,0.166666667,1.555555556,6.555555556,0,3.555555556,21,24.55555556
"31","SB","SB03","April","Diseased",26,21.8461538461538,0.684210526315789,68.4210526315789,38,"April",0.45,10.5,0.571428571,1.9,0.591666667,7.15,0.066666667,2.3,0.275,1.1,8.1,0.35,2.6,19.1,27.8
"32","SB","SB03","December","Diseased",2,3,0.25,25,8,"Dec",6.166666667,0.166666667,0.46031746,22.44444444,0.583333333,0.111111111,0.740740741,2.777777778,0.166666667,1.555555556,6.555555556,0,3.555555556,21,24.55555556
"33","SB","SB03","December","Diseased",2,3,0.25,25,8,"April",0.45,10.5,0.571428571,1.9,0.591666667,7.15,0.066666667,2.3,0.275,1.1,8.1,0.35,2.6,19.1,27.8
"34","SB","SB04","April","Diseased",24,22.0833333333333,0.631578947368421,63.1578947368421,38,"Dec",1.5,0.1,0.764285714,9.3,0.675,6.2,0.033333333,6.1,0.35,0.5,3.7,0.05,4.8,24.4,38.3
"35","SB","SB04","April","Diseased",24,22.0833333333333,0.631578947368421,63.1578947368421,38,"April",10.4,3.45,0.757142857,2,0.420833333,6.15,0.166666667,6.55,0.375,0.266666667,0.9,0.5,3.5,16,56.8
"36","SB","SB04","December","Diseased",16,6.5,0.727272727272727,72.7272727272727,22,"Dec",1.5,0.1,0.764285714,9.3,0.675,6.2,0.033333333,6.1,0.35,0.5,3.7,0.05,4.8,24.4,38.3
"37","SB","SB04","December","Diseased",16,6.5,0.727272727272727,72.7272727272727,22,"April",10.4,3.45,0.757142857,2,0.420833333,6.15,0.166666667,6.55,0.375,0.266666667,0.9,0.5,3.5,16,56.8
"38","SB","SB05","April","Diseased",22,13.3636363636364,0.407407407407407,40.7407407407407,54,"Dec",4.863636364,0.181818182,0.201298701,6,0.496212121,13.40909091,0.060606061,5.409090909,0.340909091,1.212121212,2.363636364,0.136363636,4.545454545,19.18181818,50.18181818
"39","SB","SB05","April","Diseased",22,13.3636363636364,0.407407407407407,40.7407407407407,54,"April",6.454545455,2.318181818,0.220779221,1.727272727,0.295454545,12.22727273,0.090909091,9.136363636,0.545454545,0.636363636,1.818181818,0.409090909,1.636363636,19.18181818,58.72727273
"40","SB","SB05","December","Diseased",18,11.4444444444444,0.45,45,40,"Dec",4.863636364,0.181818182,0.201298701,6,0.496212121,13.40909091,0.060606061,5.409090909,0.340909091,1.212121212,2.363636364,0.136363636,4.545454545,19.18181818,50.18181818
"41","SB","SB05","December","Diseased",18,11.4444444444444,0.45,45,40,"April",6.454545455,2.318181818,0.220779221,1.727272727,0.295454545,12.22727273,0.090909091,9.136363636,0.545454545,0.636363636,1.818181818,0.409090909,1.636363636,19.18181818,58.72727273
"42","SB","SB06","April","Diseased",26,15.8461538461538,0.684210526315789,68.4210526315789,38,"Dec",2.166666667,0.666666667,0.087301587,18.33333333,0.842592593,8.444444444,0.259259259,1.777777778,0.861111111,0.962962963,5.555555556,0,5.777777778,15.66666667,26
"43","SB","SB06","April","Diseased",26,15.8461538461538,0.684210526315789,68.4210526315789,38,"April",0.666666667,13.55555556,0.301587302,2.555555556,0.171296296,16.94444444,0.037037037,0.277777778,0.222222222,0.777777778,5.666666667,0.277777778,1.666666667,15,40
"44","SB","SB06","December","Diseased",16,12.25,0.5,50,32,"Dec",2.166666667,0.666666667,0.087301587,18.33333333,0.842592593,8.444444444,0.259259259,1.777777778,0.861111111,0.962962963,5.555555556,0,5.777777778,15.66666667,26
"45","SB","SB06","December","Diseased",16,12.25,0.5,50,32,"April",0.666666667,13.55555556,0.301587302,2.555555556,0.171296296,16.94444444,0.037037037,0.277777778,0.222222222,0.777777778,5.666666667,0.277777778,1.666666667,15,40
"46","EB","EB0","December","Diseased",6,13.3333333333333,0.666666666666667,66.6666666666667,9,"Dec",16.4,0.05,0.235714286,9.8,0.758333333,3.65,0.366666667,0,0.3,0.133333333,4.1,0,8.5,13.2,43.4
